{"textures":{"0":"bil:item/elephant/elephant","particle":"bil:item/elephant/elephant"},"elements":[{"from":[5.6017904,-5.668004,6.21362],"to":[10.39821,6.722743,11.010038],"faces":{"up":{"texture":"#0","tintindex":0,"uv":[7.9375,2.0625,7.875,2.0]},"west":{"texture":"#0","tintindex":0,"uv":[4.0,5.5625,4.375,6.5]},"east":{"texture":"#0","tintindex":0,"uv":[4.0,5.5625,4.375,6.5]},"south":{"texture":"#0","tintindex":0,"uv":[4.0,5.5625,4.375,6.5]},"down":{"texture":"#0","tintindex":0,"uv":[0.375,3.6875,0.0,4.0625]},"north":{"texture":"#0","tintindex":0,"uv":[4.0,5.5625,4.375,6.5]}},"rotation":{"x":22.5,"y":0.0,"z":0.0,"origin":[8.0,8.0,8.0]}},{"from":[6.001492,-16.0,2.5432434],"to":[9.9985075,-3.609254,6.5402594],"faces":{"up":{"texture":"#0","tintindex":0,"uv":[8.0,2.3125,7.9375,2.25]},"west":{"texture":"#0","tintindex":0,"uv":[4.375,5.5625,4.6875,6.5]},"east":{"texture":"#0","tintindex":0,"uv":[4.6875,5.5625,5.0,6.5]},"south":{"texture":"#0","tintindex":0,"uv":[4.375,5.5625,4.6875,6.5]},"down":{"texture":"#0","tintindex":0,"uv":[8.0,2.25,7.9375,2.3125]},"north":{"texture":"#0","tintindex":0,"uv":[4.375,5.5625,4.6875,6.5]}},"rotation":{"x":45.0,"y":0.0,"z":0.0,"origin":[8.0,-3.0782804,3.4112263]}}],"display":{"head":{"rotation":[0.0,180.0,0.0]}}}