{"textures":{"0":"bil:item/elephant/elephant","particle":"bil:item/elephant/elephant"},"elements":[{"from":[5.0,-7.5319004,7.0047684],"to":[11.0,8.9681,13.004768],"faces":{"up":{"texture":"#0","tintindex":0,"uv":[5.25,3.9375,4.875,3.5625]},"west":{"texture":"#0","tintindex":0,"uv":[7.5625,3.5625,7.9375,4.5625]},"east":{"texture":"#0","tintindex":0,"uv":[7.9375,3.5625,7.5625,4.5625]},"south":{"texture":"#0","tintindex":0,"uv":[7.5625,3.5625,7.9375,4.5625]},"down":{"texture":"#0","tintindex":0,"uv":[5.25,3.5625,4.875,3.9375]},"north":{"texture":"#0","tintindex":0,"uv":[7.5625,3.5625,7.9375,4.5625]}},"rotation":{"x":-22.5,"y":0.0,"z":0.0,"origin":[8.0,0.7180996,11.004768]}}],"display":{"head":{"rotation":[0.0,180.0,0.0]}}}