{"textures":{"0":"bil:item/elephant/elephant","particle":"bil:item/elephant/elephant"},"elements":[{"from":[4.203436,-16.0,0.18224049],"to":[11.796564,6.779388,7.7753696],"faces":{"up":{"texture":"#0","tintindex":0,"uv":[4.3125,4.125,3.75,3.5625]},"west":{"texture":"#0","tintindex":0,"uv":[2.875,5.0625,3.4375,6.75]},"east":{"texture":"#0","tintindex":0,"uv":[3.4375,5.0625,2.875,6.75]},"south":{"texture":"#0","tintindex":0,"uv":[2.3125,5.0625,2.875,6.75]},"down":{"texture":"#0","tintindex":0,"uv":[4.875,3.5625,4.3125,4.125]},"north":{"texture":"#0","tintindex":0,"uv":[2.3125,5.0625,2.875,6.75]}},"rotation":{"x":0.0,"y":0.0,"z":0.0,"origin":[8.0,-29.920734,44.47549]}}],"display":{"head":{"rotation":[0.0,180.0,0.0]}}}