{"textures":{"0":"bil:item/elephant/elephant","1":"bil:item/elephant/harness_blank","particle":"bil:item/elephant/elephant"},"elements":[{"from":[0.4869566,17.18261,-3.2695656],"to":[15.513043,31.791304,19.269566],"faces":{"up":{"texture":"#0","tintindex":0,"uv":[7.3125,5.125,5.0625,8.5]},"west":{"texture":"#0","tintindex":0,"uv":[2.25,0.0,5.625,2.1875]},"east":{"texture":"#0","tintindex":0,"uv":[5.625,0.0,2.25,2.1875]},"south":{"texture":"#0","tintindex":0,"uv":[5.625,0.0,7.875,2.1875]},"down":{"texture":"#0","tintindex":0,"uv":[2.25,0.0,0.0,3.375]},"north":{"texture":"#0","tintindex":0,"uv":[5.625,2.1875,7.875,0.0]}},"rotation":{"x":0.0,"y":0.0,"z":0.0,"origin":[8.0,7.1652174,8.0]}},{"from":[7.5826087,21.460869,20.208694],"to":[8.417391,24.8,20.208694],"faces":{"up":{"texture":"#0","tintindex":0,"uv":[7.75,2.3125,7.75,2.3125]},"west":{"texture":"#0","tintindex":0,"uv":[7.75,2.3125,7.75,2.3125]},"east":{"texture":"#0","tintindex":0,"uv":[7.75,2.3125,7.75,2.3125]},"south":{"texture":"#0","tintindex":0,"uv":[7.875,1.5,8.0,2.0]},"down":{"texture":"#0","tintindex":0,"uv":[7.75,2.3125,7.75,2.3125]},"north":{"texture":"#0","tintindex":0,"uv":[7.875,1.5,8.0,2.0]}},"rotation":{"x":-22.5,"y":0.0,"z":0.0,"origin":[8.0,22.295652,20.208694]}},{"from":[0.069565296,16.973913,-3.6869564],"to":[15.930435,32.0,19.686956],"faces":{"up":{"texture":"#1","tintindex":0,"uv":[0.0,3.4375,2.375,0.0625]},"west":{"texture":"#1","tintindex":0,"uv":[3.5625,3.5,6.9375,5.75]},"east":{"texture":"#1","tintindex":0,"uv":[3.4375,3.5,0.0625,5.75]},"south":{"texture":"#1","tintindex":0,"uv":[11.25,4.125,16.0,8.625]},"down":{"texture":"#1","tintindex":0,"uv":[4.75,3.4375,2.375,0.0625]},"north":{"texture":"#1","tintindex":0,"uv":[11.25,4.0,16.0,8.5]}},"rotation":{"x":0.0,"y":0.0,"z":0.0,"origin":[8.0,17.6,8.0]}},{"from":[15.930435,32.0,19.686956],"to":[0.069565296,16.973913,-3.6869564],"faces":{"up":{"texture":"#1","tintindex":0,"uv":[2.375,3.4375,4.75,0.0625]},"west":{"texture":"#1","tintindex":0,"uv":[3.4375,5.75,0.0625,3.5]},"east":{"texture":"#1","tintindex":0,"uv":[3.5625,5.75,6.9375,3.5]},"south":{"texture":"#1","tintindex":0,"uv":[11.25,8.5,16.0,4.0]},"down":{"texture":"#1","tintindex":0,"uv":[2.375,3.4375,0.0,0.0625]},"north":{"texture":"#1","tintindex":0,"uv":[11.25,8.625,16.0,4.125]}},"rotation":{"x":0.0,"y":0.0,"z":0.0,"origin":[8.0,17.6,8.0]}}],"display":{"head":{"rotation":[0.0,180.0,0.0]}}}