{"textures":{"0":"bil:item/elephant/elephant","particle":"bil:item/elephant/elephant"},"elements":[{"from":[-1.4485216,-1.7458429,-16.0],"to":[17.44852,15.5764475,-3.4019728],"faces":{"up":{"texture":"#0","tintindex":0,"uv":[6.75,3.1875,5.25,2.1875]},"west":{"texture":"#0","tintindex":0,"uv":[7.75,2.1875,6.75,3.5625]},"east":{"texture":"#0","tintindex":0,"uv":[6.75,2.1875,7.75,3.5625]},"south":{"texture":"#0","tintindex":0,"uv":[3.75,2.1875,5.25,3.5625]},"down":{"texture":"#0","tintindex":0,"uv":[6.75,3.1875,5.25,4.1875]},"north":{"texture":"#0","tintindex":0,"uv":[3.75,2.1875,5.25,3.5625]}},"rotation":{"x":0.0,"y":0.0,"z":0.0,"origin":[8.0,-26.548214,18.25089]}}],"display":{"head":{"rotation":[0.0,180.0,0.0]}}}