{"textures":{"0":"bil:item/mantaray/manta","particle":"bil:item/mantaray/manta"},"elements":[{"from":[-2.1538458,6.6153846,-5.2307663],"to":[18.153847,11.230769,15.076926],"faces":{"up":{"texture":"#0","tintindex":0,"uv":[2.75,2.75,0.0,0.0]},"west":{"texture":"#0","tintindex":0,"uv":[5.5,1.25,8.25,1.875]},"east":{"texture":"#0","tintindex":0,"uv":[8.25,1.25,5.5,1.875]},"south":{"texture":"#0","tintindex":0,"uv":[5.5,0.625,8.25,1.25]},"down":{"texture":"#0","tintindex":0,"uv":[2.75,2.75,0.0,5.5]},"north":{"texture":"#0","tintindex":0,"uv":[0.0,5.5,2.75,6.125]}},"rotation":{"x":0.0,"y":0.0,"z":0.0,"origin":[8.0,6.6153846,2.1538491]}},{"from":[12.615385,7.5384617,-8.923075],"to":[18.153847,10.307693,-5.2307663],"faces":{"up":{"texture":"#0","tintindex":0,"uv":[5.375,6.125,6.125,5.625]},"west":{"texture":"#0","tintindex":0,"uv":[2.0,6.125,2.5,6.5]},"east":{"texture":"#0","tintindex":0,"uv":[1.5,6.125,2.0,6.5]},"south":{"texture":"#0","tintindex":0,"uv":[0.75,6.125,1.5,6.5]},"down":{"texture":"#0","tintindex":0,"uv":[5.0,6.0,4.25,6.5]},"north":{"texture":"#0","tintindex":0,"uv":[0.0,6.125,0.75,6.5]}},"rotation":{"x":0.0,"y":0.0,"z":0.0,"origin":[8.923077,6.6153846,-17.230766]}},{"from":[-2.1538458,7.5384617,-8.923075],"to":[3.3846154,10.307693,-5.2307663],"faces":{"up":{"texture":"#0","tintindex":0,"uv":[6.125,6.125,5.375,5.625]},"west":{"texture":"#0","tintindex":0,"uv":[2.0,6.125,2.5,6.5]},"east":{"texture":"#0","tintindex":0,"uv":[1.5,6.125,2.0,6.5]},"south":{"texture":"#0","tintindex":0,"uv":[0.75,6.125,1.5,6.5]},"down":{"texture":"#0","tintindex":0,"uv":[5.0,6.0,4.25,6.5]},"north":{"texture":"#0","tintindex":0,"uv":[0.0,6.125,0.75,6.5]}},"rotation":{"x":0.0,"y":0.0,"z":0.0,"origin":[-7.6923075,6.6153846,-17.230766]}}],"display":{"head":{"rotation":[0.0,180.0,0.0]}}}