{
  "parent": "minecraft:item/handheld",
  "textures": {
    "layer0": "slingshot:item/slingshot_base"
  },
  "display": {
    "thirdperson_righthand": {
      "rotation": [ 0, -0, 55 ],
      "translation": [ -0.5, 4.0, 0.5 ],
      "scale": [ 0.85, 0.85, 0.85 ]
    },
    "thirdperson_lefthand": {
      "rotation": [ 0, 0, -55 ],
      "translation": [ 0.5, 4.0, 0.5 ],
      "scale": [ 0.85, 0.85, 0.85 ]
    },
    "firstperson_righthand": {
      "rotation": [ 5.8848490715026855, 22.048147201538086, 50.22532653808594 ],
      "translation": [ -4.5, 1.6, 1.13 ],
      "scale": [ 0.6, 0.6, 0.6 ]
    },
    "firstperson_lefthand": {
      "rotation": [ 22.153682708740234, -5.453128337860107, -37.55888748168945 ],
      "translation": [ -4.5, 1.6, 1.13 ],
      "scale": [ 0.6, 0.6, 0.6 ]
    }
  }
}